id,owner,due_relative,task,acceptance_evidence,status,pr_or_evidence
W1-01,جميع الطلاب,الأسبوع 1,تشغيل المشروع وتثبيت خط البداية,commit محدد + نتيجة npm test وbuild لكل عضو,TODO,
W1-02,الطالب 1,الأسبوع 1,مراجعة رحلة الطالب بالعربية والإنجليزية والجوال,ست مهام ببيانات وهمية مع نقاط التعثر,TODO,
W1-03,الطالب 2,الأسبوع 1,صياغة أسئلة كفاءة الشبكة,عشرة أسئلة + إجابات متوقعة + مصدر لكل علاقة,TODO,
W1-04,الطالب 3,الأسبوع 1,تثبيت خط أساس التوصية,توثيق نموذج الاسترجاع الحالي والكلمات المفتاحية؛ لا أرقام فعالية مفترضة,TODO,
W1-05,جميع الطلاب والمشرف,الأسبوع 1,تحديد الكليات وتنسيق الموارد البشرية,ثلاث جهات مقترحة ومسؤول تنسيق لكل منها؛ طلب مراجعة بروتوكول,TODO,
W1-06,الطالب 1 والمشرف,الأسبوع 1,خطة النطاق والاستضافة,اسم نطاق مقترح وميزانية وملكية DNS وخطة انتقال دون حذف الموقع الحالي,TODO,
W2-01,جميع الطلاب,الأسبوع 2,قائمة التحسينات,عشرة تحسينات مرتبة مع معيار قبول ومسؤول ومراجع,TODO,
W2-02,الطالب 1,الأسبوع 2,تعديل UX صغير,PR يراجعه الطالب 2؛ AR/EN وجوال دون تراجع,TODO,
W2-03,الطالب 2,الأسبوع 2,تعديل شبكة أو توثيق مصدر,PR يراجعه الطالب 3؛ سؤال واختبار يثبتان السلوك,TODO,
W2-04,الطالب 3,الأسبوع 2,تعديل تقييم أو جودة بيانات,PR يراجعه الطالب 1؛ خط أساس ثابت ونتيجة قابلة للإعادة,TODO,
W2-05,جميع الطلاب والمشرف,الأسبوع 2,اعتماد خطة الدراسة والنطاق,بروتوكول مؤرخ ومسودة موافقة ومقاييس محددة؛ لا جمع فعلي قبل الاعتماد,TODO,
W2-06,جميع الطلاب,نهاية الأسبوع 2,عرض حي متكامل,رحلة كاملة + شرح مساهمة كل طالب + العوائق والخطوة التالية,TODO,
